content_post,username_post,date_post,id
salut tarte au pions,jojo,Wed May  8 11:54:10 2024,p7423
xfdthgdfy,jojo,Wed May  8 13:03:32 2024,p8641
xfctjhdtygf,jojo,Wed May  8 13:04:24 2024,p2984
xdshtryfgt,jojo,Wed May  8 13:05:05 2024,p2287
sqedrhysrt,jojo,Thu May  9 09:57:17 2024,p4288
xdfjhdyfjduty,jojo,Thu May  9 13:54:51 2024,p8739
sdhdfsryh,jojo,Thu May  9 13:56:57 2024,p4616
dtjhdfygj,jojo,Thu May  9 14:00:40 2024,p6191
wqdrfhgsrtyh,jojo,Thu May  9 14:07:14 2024,p2424
xsftjhdyftruj,jojo,Thu May  9 14:09:12 2024,p5501
